	results
0	"{'alpha_id': 'dx9YMjE', 'simulate_data': {'type': 'REGULAR', 'settings': {'instrumentType': 'EQUITY', 'region': 'GLB', 'universe': 'MINVOL1M', 'delay': 1, 'decay': 0, 'neutralization': 'MARKET', 'truncation': 0.01, 'pasteurization': 'ON', 'unitHandling': 'VERIFY', 'nanHandling': 'OFF', 'language': 'FASTEXPR', 'visualization': False}, 'regular': 'pro = oth460_1l_ccns;stock = ts_zscore(ts_backfill(anl69_cpss_best_eeps_nxt_yr, 21),21);factor = group_zscore(ts_ir(returns, 252), industry);alpha = vector_neut(stock, factor);trade_when(pro<=0.5, alpha, pro>0.5)'}, 'is_stats':         pnl  bookSize  longCount  shortCount  turnover  returns  drawdown  \
0  14718740  20000000       1100        1167    0.3402   0.1421    0.0569   

     margin  fitness  sharpe   startDate alpha_id  
0  0.000836     1.69    2.61  2012-01-22  dx9YMjE  , 'pnl': None, 'stats': None, 'is_tests':                       name   result  limit   value  \
0               LOW_SHARPE     PASS   1.25  2.6100   
1              LOW_FITNESS     PASS   1.00  1.6900   
2             LOW_TURNOVER     PASS   0.01  0.3402   
3            HIGH_TURNOVER     PASS   0.70  0.3402   
4      CONCENTRATED_WEIGHT     PASS    NaN     NaN   
5  LOW_SUB_UNIVERSE_SHARPE     PASS   0.91  1.2500   
6         SELF_CORRELATION  PENDING    NaN     NaN   
7         PROD_CORRELATION  PENDING    NaN     NaN   
8       REGULAR_SUBMISSION  PENDING    NaN     NaN   
9      MATCHES_COMPETITION     PASS    NaN     NaN   

                                 competitions alpha_id  
0                                         NaN  dx9YMjE  
1                                         NaN  dx9YMjE  
2                                         NaN  dx9YMjE  
3                                         NaN  dx9YMjE  
4                                         NaN  dx9YMjE  
5                                         NaN  dx9YMjE  
6                                         NaN  dx9YMjE  
7                                         NaN  dx9YMjE  
8                                         NaN  dx9YMjE  
9  [{'id': 'challenge', 'name': 'Challenge'}]  dx9YMjE  , 'train': None, 'test': None}"
1	"{'alpha_id': 'Jp3oAxE', 'simulate_data': {'type': 'REGULAR', 'settings': {'instrumentType': 'EQUITY', 'region': 'GLB', 'universe': 'MINVOL1M', 'delay': 1, 'decay': 0, 'neutralization': 'MARKET', 'truncation': 0.01, 'pasteurization': 'ON', 'unitHandling': 'VERIFY', 'nanHandling': 'OFF', 'language': 'FASTEXPR', 'visualization': False}, 'regular': 'pro = oth460_1l_ccns;stock = ts_zscore(ts_backfill(anl69_cpss_best_eeps_nxt_yr, 21),21);factor = group_zscore(ts_ir(returns, 252), industry);alpha = regression_neut(stock, factor);trade_when(pro<=0.5, alpha, pro>0.5)'}, 'is_stats':         pnl  bookSize  longCount  shortCount  turnover  returns  drawdown  \
0  14881689  20000000       1109        1158    0.3496   0.1437    0.0534   

     margin  fitness  sharpe   startDate alpha_id  
0  0.000822     1.79    2.79  2012-01-22  Jp3oAxE  , 'pnl': None, 'stats': None, 'is_tests':                       name   result  limit   value  \
0               LOW_SHARPE     PASS   1.25  2.7900   
1              LOW_FITNESS     PASS   1.00  1.7900   
2             LOW_TURNOVER     PASS   0.01  0.3496   
3            HIGH_TURNOVER     PASS   0.70  0.3496   
4      CONCENTRATED_WEIGHT     PASS    NaN     NaN   
5  LOW_SUB_UNIVERSE_SHARPE     PASS   0.98  1.3700   
6         SELF_CORRELATION  PENDING    NaN     NaN   
7         PROD_CORRELATION  PENDING    NaN     NaN   
8       REGULAR_SUBMISSION  PENDING    NaN     NaN   
9      MATCHES_COMPETITION     PASS    NaN     NaN   

                                 competitions alpha_id  
0                                         NaN  Jp3oAxE  
1                                         NaN  Jp3oAxE  
2                                         NaN  Jp3oAxE  
3                                         NaN  Jp3oAxE  
4                                         NaN  Jp3oAxE  
5                                         NaN  Jp3oAxE  
6                                         NaN  Jp3oAxE  
7                                         NaN  Jp3oAxE  
8                                         NaN  Jp3oAxE  
9  [{'id': 'challenge', 'name': 'Challenge'}]  Jp3oAxE  , 'train': None, 'test': None}"
2	"{'alpha_id': 'eO1NY56', 'simulate_data': {'type': 'REGULAR', 'settings': {'instrumentType': 'EQUITY', 'region': 'GLB', 'universe': 'MINVOL1M', 'delay': 1, 'decay': 0, 'neutralization': 'MARKET', 'truncation': 0.01, 'pasteurization': 'ON', 'unitHandling': 'VERIFY', 'nanHandling': 'OFF', 'language': 'FASTEXPR', 'visualization': False}, 'regular': 'pro = oth460_1l_ccns;stock = ts_zscore(ts_backfill(anl69_roe_best_eeps_nxt_yr, 21),21);factor = group_zscore(ts_ir(returns, 252), industry);alpha = vector_neut(stock, factor);trade_when(pro<=0.5, alpha, pro>0.5)'}, 'is_stats':         pnl  bookSize  longCount  shortCount  turnover  returns  drawdown  \
0  14791038  20000000       1100        1167    0.3403   0.1428    0.0567   

     margin  fitness  sharpe   startDate alpha_id  
0  0.000839      1.7    2.62  2012-01-22  eO1NY56  , 'pnl': None, 'stats': None, 'is_tests':                       name   result  limit   value  \
0               LOW_SHARPE     PASS   1.25  2.6200   
1              LOW_FITNESS     PASS   1.00  1.7000   
2             LOW_TURNOVER     PASS   0.01  0.3403   
3            HIGH_TURNOVER     PASS   0.70  0.3403   
4      CONCENTRATED_WEIGHT     PASS    NaN     NaN   
5  LOW_SUB_UNIVERSE_SHARPE     PASS   0.92  1.2600   
6         SELF_CORRELATION  PENDING    NaN     NaN   
7         PROD_CORRELATION  PENDING    NaN     NaN   
8       REGULAR_SUBMISSION  PENDING    NaN     NaN   
9      MATCHES_COMPETITION     PASS    NaN     NaN   

                                 competitions alpha_id  
0                                         NaN  eO1NY56  
1                                         NaN  eO1NY56  
2                                         NaN  eO1NY56  
3                                         NaN  eO1NY56  
4                                         NaN  eO1NY56  
5                                         NaN  eO1NY56  
6                                         NaN  eO1NY56  
7                                         NaN  eO1NY56  
8                                         NaN  eO1NY56  
9  [{'id': 'challenge', 'name': 'Challenge'}]  eO1NY56  , 'train': None, 'test': None}"
3	"{'alpha_id': 'Lp8Ev9M', 'simulate_data': {'type': 'REGULAR', 'settings': {'instrumentType': 'EQUITY', 'region': 'GLB', 'universe': 'MINVOL1M', 'delay': 1, 'decay': 0, 'neutralization': 'MARKET', 'truncation': 0.01, 'pasteurization': 'ON', 'unitHandling': 'VERIFY', 'nanHandling': 'OFF', 'language': 'FASTEXPR', 'visualization': False}, 'regular': 'pro = oth460_1l_ccns;stock = ts_zscore(ts_backfill(anl69_pe_best_eeps_nxt_yr, 21),21);factor = group_zscore(ts_ir(returns, 252), industry);alpha = vector_neut(stock, factor);trade_when(pro<=0.5, alpha, pro>0.5)'}, 'is_stats':         pnl  bookSize  longCount  shortCount  turnover  returns  drawdown  \
0  14718740  20000000       1100        1167    0.3402   0.1421    0.0569   

     margin  fitness  sharpe   startDate alpha_id  
0  0.000836     1.69    2.61  2012-01-22  Lp8Ev9M  , 'pnl': None, 'stats': None, 'is_tests':                       name   result  limit   value  \
0               LOW_SHARPE     PASS   1.25  2.6100   
1              LOW_FITNESS     PASS   1.00  1.6900   
2             LOW_TURNOVER     PASS   0.01  0.3402   
3            HIGH_TURNOVER     PASS   0.70  0.3402   
4      CONCENTRATED_WEIGHT     PASS    NaN     NaN   
5  LOW_SUB_UNIVERSE_SHARPE     PASS   0.91  1.2500   
6         SELF_CORRELATION  PENDING    NaN     NaN   
7         PROD_CORRELATION  PENDING    NaN     NaN   
8       REGULAR_SUBMISSION  PENDING    NaN     NaN   
9      MATCHES_COMPETITION     PASS    NaN     NaN   

                                 competitions alpha_id  
0                                         NaN  Lp8Ev9M  
1                                         NaN  Lp8Ev9M  
2                                         NaN  Lp8Ev9M  
3                                         NaN  Lp8Ev9M  
4                                         NaN  Lp8Ev9M  
5                                         NaN  Lp8Ev9M  
6                                         NaN  Lp8Ev9M  
7                                         NaN  Lp8Ev9M  
8                                         NaN  Lp8Ev9M  
9  [{'id': 'challenge', 'name': 'Challenge'}]  Lp8Ev9M  , 'train': None, 'test': None}"
4	"{'alpha_id': 'wRN3dov', 'simulate_data': {'type': 'REGULAR', 'settings': {'instrumentType': 'EQUITY', 'region': 'GLB', 'universe': 'MINVOL1M', 'delay': 1, 'decay': 0, 'neutralization': 'MARKET', 'truncation': 0.01, 'pasteurization': 'ON', 'unitHandling': 'VERIFY', 'nanHandling': 'OFF', 'language': 'FASTEXPR', 'visualization': False}, 'regular': 'pro = oth460_1l_ccns;stock = ts_zscore(ts_backfill(anl69_pe_best_eeps_nxt_yr, 21),21);factor = group_zscore(ts_ir(returns, 252), industry);alpha = regression_neut(stock, factor);trade_when(pro<=0.5, alpha, pro>0.5)'}, 'is_stats':         pnl  bookSize  longCount  shortCount  turnover  returns  drawdown  \
0  14881689  20000000       1109        1158    0.3496   0.1437    0.0534   

     margin  fitness  sharpe   startDate alpha_id  
0  0.000822     1.79    2.79  2012-01-22  wRN3dov  , 'pnl': None, 'stats': None, 'is_tests':                       name   result  limit   value  \
0               LOW_SHARPE     PASS   1.25  2.7900   
1              LOW_FITNESS     PASS   1.00  1.7900   
2             LOW_TURNOVER     PASS   0.01  0.3496   
3            HIGH_TURNOVER     PASS   0.70  0.3496   
4      CONCENTRATED_WEIGHT     PASS    NaN     NaN   
5  LOW_SUB_UNIVERSE_SHARPE     PASS   0.98  1.3700   
6         SELF_CORRELATION  PENDING    NaN     NaN   
7         PROD_CORRELATION  PENDING    NaN     NaN   
8       REGULAR_SUBMISSION  PENDING    NaN     NaN   
9      MATCHES_COMPETITION     PASS    NaN     NaN   

                                 competitions alpha_id  
0                                         NaN  wRN3dov  
1                                         NaN  wRN3dov  
2                                         NaN  wRN3dov  
3                                         NaN  wRN3dov  
4                                         NaN  wRN3dov  
5                                         NaN  wRN3dov  
6                                         NaN  wRN3dov  
7                                         NaN  wRN3dov  
8                                         NaN  wRN3dov  
9  [{'id': 'challenge', 'name': 'Challenge'}]  wRN3dov  , 'train': None, 'test': None}"
5	"{'alpha_id': '17GO8GX', 'simulate_data': {'type': 'REGULAR', 'settings': {'instrumentType': 'EQUITY', 'region': 'GLB', 'universe': 'MINVOL1M', 'delay': 1, 'decay': 0, 'neutralization': 'MARKET', 'truncation': 0.01, 'pasteurization': 'ON', 'unitHandling': 'VERIFY', 'nanHandling': 'OFF', 'language': 'FASTEXPR', 'visualization': False}, 'regular': 'pro = oth460_1l_ccns;stock = ts_zscore(ts_backfill(anl69_cps_best_eeps_cur_yr, 21),21);factor = group_zscore(ts_ir(returns, 252), industry);alpha = vector_neut(stock, factor);trade_when(pro<=0.5, alpha, pro>0.5)'}, 'is_stats':         pnl  bookSize  longCount  shortCount  turnover  returns  drawdown  \
0  12274926  20000000       1082        1147    0.3374   0.1185    0.0793   

     margin  fitness  sharpe   startDate alpha_id  
0  0.000703     1.37    2.32  2012-01-22  17GO8GX  , 'pnl': None, 'stats': None, 'is_tests':                       name   result  limit   value  \
0               LOW_SHARPE     PASS   1.25  2.3200   
1              LOW_FITNESS     PASS   1.00  1.3700   
2             LOW_TURNOVER     PASS   0.01  0.3374   
3            HIGH_TURNOVER     PASS   0.70  0.3374   
4      CONCENTRATED_WEIGHT     PASS    NaN     NaN   
5  LOW_SUB_UNIVERSE_SHARPE     PASS   0.81  1.1000   
6         SELF_CORRELATION  PENDING    NaN     NaN   
7         PROD_CORRELATION  PENDING    NaN     NaN   
8       REGULAR_SUBMISSION  PENDING    NaN     NaN   
9      MATCHES_COMPETITION     PASS    NaN     NaN   

                                 competitions alpha_id  
0                                         NaN  17GO8GX  
1                                         NaN  17GO8GX  
2                                         NaN  17GO8GX  
3                                         NaN  17GO8GX  
4                                         NaN  17GO8GX  
5                                         NaN  17GO8GX  
6                                         NaN  17GO8GX  
7                                         NaN  17GO8GX  
8                                         NaN  17GO8GX  
9  [{'id': 'challenge', 'name': 'Challenge'}]  17GO8GX  , 'train': None, 'test': None}"
6	"{'alpha_id': 'z9Agxgo', 'simulate_data': {'type': 'REGULAR', 'settings': {'instrumentType': 'EQUITY', 'region': 'GLB', 'universe': 'MINVOL1M', 'delay': 1, 'decay': 0, 'neutralization': 'MARKET', 'truncation': 0.01, 'pasteurization': 'ON', 'unitHandling': 'VERIFY', 'nanHandling': 'OFF', 'language': 'FASTEXPR', 'visualization': False}, 'regular': 'pro = oth460_1l_ccns;stock = ts_zscore(ts_backfill(anl69_cps_best_eeps_cur_yr, 21),21);factor = group_zscore(ts_ir(returns, 252), industry);alpha = regression_neut(stock, factor);trade_when(pro<=0.5, alpha, pro>0.5)'}, 'is_stats':         pnl  bookSize  longCount  shortCount  turnover  returns  drawdown  \
0  12347394  20000000       1090        1139     0.345   0.1192    0.0703   

     margin  fitness  sharpe   startDate alpha_id  
0  0.000691     1.44    2.45  2012-01-22  z9Agxgo  , 'pnl': None, 'stats': None, 'is_tests':                       name   result  limit  value  \
0               LOW_SHARPE     PASS   1.25  2.450   
1              LOW_FITNESS     PASS   1.00  1.440   
2             LOW_TURNOVER     PASS   0.01  0.345   
3            HIGH_TURNOVER     PASS   0.70  0.345   
4      CONCENTRATED_WEIGHT     PASS    NaN    NaN   
5  LOW_SUB_UNIVERSE_SHARPE     PASS   0.86  1.190   
6         SELF_CORRELATION  PENDING    NaN    NaN   
7         PROD_CORRELATION  PENDING    NaN    NaN   
8       REGULAR_SUBMISSION  PENDING    NaN    NaN   
9      MATCHES_COMPETITION     PASS    NaN    NaN   

                                 competitions alpha_id  
0                                         NaN  z9Agxgo  
1                                         NaN  z9Agxgo  
2                                         NaN  z9Agxgo  
3                                         NaN  z9Agxgo  
4                                         NaN  z9Agxgo  
5                                         NaN  z9Agxgo  
6                                         NaN  z9Agxgo  
7                                         NaN  z9Agxgo  
8                                         NaN  z9Agxgo  
9  [{'id': 'challenge', 'name': 'Challenge'}]  z9Agxgo  , 'train': None, 'test': None}"
7	"{'alpha_id': '07GNk3p', 'simulate_data': {'type': 'REGULAR', 'settings': {'instrumentType': 'EQUITY', 'region': 'GLB', 'universe': 'MINVOL1M', 'delay': 1, 'decay': 0, 'neutralization': 'MARKET', 'truncation': 0.01, 'pasteurization': 'ON', 'unitHandling': 'VERIFY', 'nanHandling': 'OFF', 'language': 'FASTEXPR', 'visualization': False}, 'regular': 'pro = oth460_1l_1dls;stock = ts_zscore(ts_backfill(anl69_pe_best_eeps_nxt_yr, 21),21);factor = group_zscore(ts_ir(returns, 252), industry);alpha = vector_neut(stock, factor);trade_when(pro<=0.5, alpha, pro>0.5)'}, 'is_stats':         pnl  bookSize  longCount  shortCount  turnover  returns  drawdown  \
0  13433014  20000000       1468        1484    0.3253   0.1297    0.0659   

     margin  fitness  sharpe   startDate alpha_id  
0  0.000797      1.4    2.21  2012-01-22  07GNk3p  , 'pnl': None, 'stats': None, 'is_tests':                       name   result  limit   value  \
0               LOW_SHARPE     PASS   1.25  2.2100   
1              LOW_FITNESS     PASS   1.00  1.4000   
2             LOW_TURNOVER     PASS   0.01  0.3253   
3            HIGH_TURNOVER     PASS   0.70  0.3253   
4      CONCENTRATED_WEIGHT     PASS    NaN     NaN   
5  LOW_SUB_UNIVERSE_SHARPE     PASS   0.77  0.9800   
6         SELF_CORRELATION  PENDING    NaN     NaN   
7         PROD_CORRELATION  PENDING    NaN     NaN   
8       REGULAR_SUBMISSION  PENDING    NaN     NaN   
9      MATCHES_COMPETITION     PASS    NaN     NaN   

                                 competitions alpha_id  
0                                         NaN  07GNk3p  
1                                         NaN  07GNk3p  
2                                         NaN  07GNk3p  
3                                         NaN  07GNk3p  
4                                         NaN  07GNk3p  
5                                         NaN  07GNk3p  
6                                         NaN  07GNk3p  
7                                         NaN  07GNk3p  
8                                         NaN  07GNk3p  
9  [{'id': 'challenge', 'name': 'Challenge'}]  07GNk3p  , 'train': None, 'test': None}"
8	"{'alpha_id': 'oKPJwMm', 'simulate_data': {'type': 'REGULAR', 'settings': {'instrumentType': 'EQUITY', 'region': 'GLB', 'universe': 'MINVOL1M', 'delay': 1, 'decay': 0, 'neutralization': 'MARKET', 'truncation': 0.01, 'pasteurization': 'ON', 'unitHandling': 'VERIFY', 'nanHandling': 'OFF', 'language': 'FASTEXPR', 'visualization': False}, 'regular': 'pro = oth460_1l_1dls;stock = ts_zscore(ts_backfill(anl69_pe_best_eeps_nxt_yr, 21),21);factor = group_zscore(ts_ir(returns, 252), industry);alpha = regression_neut(stock, factor);trade_when(pro<=0.5, alpha, pro>0.5)'}, 'is_stats':         pnl  bookSize  longCount  shortCount  turnover  returns  drawdown  \
0  13482858  20000000       1472        1480    0.3352   0.1302    0.0628   

     margin  fitness  sharpe   startDate alpha_id  
0  0.000777     1.47    2.36  2012-01-22  oKPJwMm  , 'pnl': None, 'stats': None, 'is_tests':                       name   result  limit   value  \
0               LOW_SHARPE     PASS   1.25  2.3600   
1              LOW_FITNESS     PASS   1.00  1.4700   
2             LOW_TURNOVER     PASS   0.01  0.3352   
3            HIGH_TURNOVER     PASS   0.70  0.3352   
4      CONCENTRATED_WEIGHT     PASS    NaN     NaN   
5  LOW_SUB_UNIVERSE_SHARPE     PASS   0.83  1.0700   
6         SELF_CORRELATION  PENDING    NaN     NaN   
7         PROD_CORRELATION  PENDING    NaN     NaN   
8       REGULAR_SUBMISSION  PENDING    NaN     NaN   
9      MATCHES_COMPETITION     PASS    NaN     NaN   

                                 competitions alpha_id  
0                                         NaN  oKPJwMm  
1                                         NaN  oKPJwMm  
2                                         NaN  oKPJwMm  
3                                         NaN  oKPJwMm  
4                                         NaN  oKPJwMm  
5                                         NaN  oKPJwMm  
6                                         NaN  oKPJwMm  
7                                         NaN  oKPJwMm  
8                                         NaN  oKPJwMm  
9  [{'id': 'challenge', 'name': 'Challenge'}]  oKPJwMm  , 'train': None, 'test': None}"
9	"{'alpha_id': '17GlVxW', 'simulate_data': {'type': 'REGULAR', 'settings': {'instrumentType': 'EQUITY', 'region': 'GLB', 'universe': 'MINVOL1M', 'delay': 1, 'decay': 0, 'neutralization': 'MARKET', 'truncation': 0.01, 'pasteurization': 'ON', 'unitHandling': 'VERIFY', 'nanHandling': 'OFF', 'language': 'FASTEXPR', 'visualization': False}, 'regular': 'pro = oth460_1l_1dls;stock = ts_zscore(ts_backfill(anl69_cps_best_eeps_cur_yr, 21),21);factor = group_zscore(ts_ir(returns, 252), industry);alpha = vector_neut(stock, factor);trade_when(pro<=0.5, alpha, pro>0.5)'}, 'is_stats':         pnl  bookSize  longCount  shortCount  turnover  returns  drawdown  \
0  11524598  20000000       1453        1461    0.3213   0.1113    0.0644   

     margin  fitness  sharpe   startDate alpha_id  
0  0.000693     1.24     2.1  2012-01-22  17GlVxW  , 'pnl': None, 'stats': None, 'is_tests':                       name   result  limit   value  \
0               LOW_SHARPE     PASS   1.25  2.1000   
1              LOW_FITNESS     PASS   1.00  1.2400   
2             LOW_TURNOVER     PASS   0.01  0.3213   
3            HIGH_TURNOVER     PASS   0.70  0.3213   
4      CONCENTRATED_WEIGHT     PASS    NaN     NaN   
5  LOW_SUB_UNIVERSE_SHARPE     PASS   0.73  0.8800   
6         SELF_CORRELATION  PENDING    NaN     NaN   
7         PROD_CORRELATION  PENDING    NaN     NaN   
8       REGULAR_SUBMISSION  PENDING    NaN     NaN   
9      MATCHES_COMPETITION     PASS    NaN     NaN   

                                 competitions alpha_id  
0                                         NaN  17GlVxW  
1                                         NaN  17GlVxW  
2                                         NaN  17GlVxW  
3                                         NaN  17GlVxW  
4                                         NaN  17GlVxW  
5                                         NaN  17GlVxW  
6                                         NaN  17GlVxW  
7                                         NaN  17GlVxW  
8                                         NaN  17GlVxW  
9  [{'id': 'challenge', 'name': 'Challenge'}]  17GlVxW  , 'train': None, 'test': None}"
10	"{'alpha_id': 'z9A263K', 'simulate_data': {'type': 'REGULAR', 'settings': {'instrumentType': 'EQUITY', 'region': 'GLB', 'universe': 'MINVOL1M', 'delay': 1, 'decay': 0, 'neutralization': 'MARKET', 'truncation': 0.01, 'pasteurization': 'ON', 'unitHandling': 'VERIFY', 'nanHandling': 'OFF', 'language': 'FASTEXPR', 'visualization': False}, 'regular': 'pro = oth460_1l_ccns;stock = ts_zscore(ts_backfill(anl69_roe_best_eeps_nxt_yr, 21),21);factor = group_zscore(ts_ir(returns, 252), industry);alpha = regression_neut(stock, factor);trade_when(pro<=0.5, alpha, pro>0.5)'}, 'is_stats':         pnl  bookSize  longCount  shortCount  turnover  returns  drawdown  \
0  14957900  20000000       1109        1158    0.3497   0.1444    0.0533   

     margin  fitness  sharpe   startDate alpha_id  
0  0.000826      1.8     2.8  2012-01-22  z9A263K  , 'pnl': None, 'stats': None, 'is_tests':                       name   result  limit   value  \
0               LOW_SHARPE     PASS   1.25  2.8000   
1              LOW_FITNESS     PASS   1.00  1.8000   
2             LOW_TURNOVER     PASS   0.01  0.3497   
3            HIGH_TURNOVER     PASS   0.70  0.3497   
4      CONCENTRATED_WEIGHT     PASS    NaN     NaN   
5  LOW_SUB_UNIVERSE_SHARPE     PASS   0.98  1.3800   
6         SELF_CORRELATION  PENDING    NaN     NaN   
7         PROD_CORRELATION  PENDING    NaN     NaN   
8       REGULAR_SUBMISSION  PENDING    NaN     NaN   
9      MATCHES_COMPETITION     PASS    NaN     NaN   

                                 competitions alpha_id  
0                                         NaN  z9A263K  
1                                         NaN  z9A263K  
2                                         NaN  z9A263K  
3                                         NaN  z9A263K  
4                                         NaN  z9A263K  
5                                         NaN  z9A263K  
6                                         NaN  z9A263K  
7                                         NaN  z9A263K  
8                                         NaN  z9A263K  
9  [{'id': 'challenge', 'name': 'Challenge'}]  z9A263K  , 'train': None, 'test': None}"
11	"{'alpha_id': '07GNkrk', 'simulate_data': {'type': 'REGULAR', 'settings': {'instrumentType': 'EQUITY', 'region': 'GLB', 'universe': 'MINVOL1M', 'delay': 1, 'decay': 0, 'neutralization': 'MARKET', 'truncation': 0.01, 'pasteurization': 'ON', 'unitHandling': 'VERIFY', 'nanHandling': 'OFF', 'language': 'FASTEXPR', 'visualization': False}, 'regular': 'pro = oth460_1l_1dls;stock = ts_zscore(ts_backfill(anl69_cps_best_eeps_nxt_yr, 21),21);factor = group_zscore(ts_ir(returns, 252), industry);alpha = vector_neut(stock, factor);trade_when(pro<=0.5, alpha, pro>0.5)'}, 'is_stats':         pnl  bookSize  longCount  shortCount  turnover  returns  drawdown  \
0  13492665  20000000       1468        1484    0.3254   0.1303    0.0661   

     margin  fitness  sharpe   startDate alpha_id  
0  0.000801      1.4    2.21  2012-01-22  07GNkrk  , 'pnl': None, 'stats': None, 'is_tests':                       name   result  limit   value  \
0               LOW_SHARPE     PASS   1.25  2.2100   
1              LOW_FITNESS     PASS   1.00  1.4000   
2             LOW_TURNOVER     PASS   0.01  0.3254   
3            HIGH_TURNOVER     PASS   0.70  0.3254   
4      CONCENTRATED_WEIGHT     PASS    NaN     NaN   
5  LOW_SUB_UNIVERSE_SHARPE     PASS   0.77  0.9900   
6         SELF_CORRELATION  PENDING    NaN     NaN   
7         PROD_CORRELATION  PENDING    NaN     NaN   
8       REGULAR_SUBMISSION  PENDING    NaN     NaN   
9      MATCHES_COMPETITION     PASS    NaN     NaN   

                                 competitions alpha_id  
0                                         NaN  07GNkrk  
1                                         NaN  07GNkrk  
2                                         NaN  07GNkrk  
3                                         NaN  07GNkrk  
4                                         NaN  07GNkrk  
5                                         NaN  07GNkrk  
6                                         NaN  07GNkrk  
7                                         NaN  07GNkrk  
8                                         NaN  07GNkrk  
9  [{'id': 'challenge', 'name': 'Challenge'}]  07GNkrk  , 'train': None, 'test': None}"
12	"{'alpha_id': 'Op6MwPv', 'simulate_data': {'type': 'REGULAR', 'settings': {'instrumentType': 'EQUITY', 'region': 'GLB', 'universe': 'MINVOL1M', 'delay': 1, 'decay': 0, 'neutralization': 'MARKET', 'truncation': 0.01, 'pasteurization': 'ON', 'unitHandling': 'VERIFY', 'nanHandling': 'OFF', 'language': 'FASTEXPR', 'visualization': False}, 'regular': 'pro = oth460_1l_1dls;stock = ts_zscore(ts_backfill(anl69_cpss_best_eeps_nxt_yr, 21),21);factor = group_zscore(ts_ir(returns, 252), industry);alpha = regression_neut(stock, factor);trade_when(pro<=0.5, alpha, pro>0.5)'}, 'is_stats':         pnl  bookSize  longCount  shortCount  turnover  returns  drawdown  \
0  13482858  20000000       1472        1480    0.3352   0.1302    0.0628   

     margin  fitness  sharpe   startDate alpha_id  
0  0.000777     1.47    2.36  2012-01-22  Op6MwPv  , 'pnl': None, 'stats': None, 'is_tests':                       name   result  limit   value  \
0               LOW_SHARPE     PASS   1.25  2.3600   
1              LOW_FITNESS     PASS   1.00  1.4700   
2             LOW_TURNOVER     PASS   0.01  0.3352   
3            HIGH_TURNOVER     PASS   0.70  0.3352   
4      CONCENTRATED_WEIGHT     PASS    NaN     NaN   
5  LOW_SUB_UNIVERSE_SHARPE     PASS   0.83  1.0700   
6         SELF_CORRELATION  PENDING    NaN     NaN   
7         PROD_CORRELATION  PENDING    NaN     NaN   
8       REGULAR_SUBMISSION  PENDING    NaN     NaN   
9      MATCHES_COMPETITION     PASS    NaN     NaN   

                                 competitions alpha_id  
0                                         NaN  Op6MwPv  
1                                         NaN  Op6MwPv  
2                                         NaN  Op6MwPv  
3                                         NaN  Op6MwPv  
4                                         NaN  Op6MwPv  
5                                         NaN  Op6MwPv  
6                                         NaN  Op6MwPv  
7                                         NaN  Op6MwPv  
8                                         NaN  Op6MwPv  
9  [{'id': 'challenge', 'name': 'Challenge'}]  Op6MwPv  , 'train': None, 'test': None}"
13	"{'alpha_id': 'wRN2wZ6', 'simulate_data': {'type': 'REGULAR', 'settings': {'instrumentType': 'EQUITY', 'region': 'GLB', 'universe': 'MINVOL1M', 'delay': 1, 'decay': 0, 'neutralization': 'MARKET', 'truncation': 0.01, 'pasteurization': 'ON', 'unitHandling': 'VERIFY', 'nanHandling': 'OFF', 'language': 'FASTEXPR', 'visualization': False}, 'regular': 'pro = oth460_1l_1dls;stock = ts_zscore(ts_backfill(anl69_cps_best_eeps_cur_yr, 21),21);factor = group_zscore(ts_ir(returns, 252), industry);alpha = regression_neut(stock, factor);trade_when(pro<=0.5, alpha, pro>0.5)'}, 'is_stats':         pnl  bookSize  longCount  shortCount  turnover  returns  drawdown  \
0  11494670  20000000       1457        1457    0.3294    0.111    0.0547   

     margin  fitness  sharpe   startDate alpha_id  
0  0.000674     1.29    2.23  2012-01-22  wRN2wZ6  , 'pnl': None, 'stats': None, 'is_tests':                       name   result  limit   value  \
0               LOW_SHARPE     PASS   1.25  2.2300   
1              LOW_FITNESS     PASS   1.00  1.2900   
2             LOW_TURNOVER     PASS   0.01  0.3294   
3            HIGH_TURNOVER     PASS   0.70  0.3294   
4      CONCENTRATED_WEIGHT     PASS    NaN     NaN   
5  LOW_SUB_UNIVERSE_SHARPE     PASS   0.78  0.9600   
6         SELF_CORRELATION  PENDING    NaN     NaN   
7         PROD_CORRELATION  PENDING    NaN     NaN   
8       REGULAR_SUBMISSION  PENDING    NaN     NaN   
9      MATCHES_COMPETITION     PASS    NaN     NaN   

                                 competitions alpha_id  
0                                         NaN  wRN2wZ6  
1                                         NaN  wRN2wZ6  
2                                         NaN  wRN2wZ6  
3                                         NaN  wRN2wZ6  
4                                         NaN  wRN2wZ6  
5                                         NaN  wRN2wZ6  
6                                         NaN  wRN2wZ6  
7                                         NaN  wRN2wZ6  
8                                         NaN  wRN2wZ6  
9  [{'id': 'challenge', 'name': 'Challenge'}]  wRN2wZ6  , 'train': None, 'test': None}"
14	"{'alpha_id': 'Op6gk0Y', 'simulate_data': {'type': 'REGULAR', 'settings': {'instrumentType': 'EQUITY', 'region': 'GLB', 'universe': 'MINVOL1M', 'delay': 1, 'decay': 0, 'neutralization': 'MARKET', 'truncation': 0.01, 'pasteurization': 'ON', 'unitHandling': 'VERIFY', 'nanHandling': 'OFF', 'language': 'FASTEXPR', 'visualization': False}, 'regular': 'pro = oth460_1l_vlc;stock = ts_zscore(ts_backfill(anl69_cps_best_eeps_cur_yr, 21),21);factor = group_zscore(ts_ir(returns, 252), industry);alpha = vector_neut(stock, factor);trade_when(pro<=0.5, alpha, pro>0.5)'}, 'is_stats':         pnl  bookSize  longCount  shortCount  turnover  returns  drawdown  \
0  11683045  20000000       1179        1220    0.9548   0.1128    0.0781   

     margin  fitness  sharpe   startDate alpha_id  
0  0.000236     0.77    2.23  2012-01-22  Op6gk0Y  , 'pnl': None, 'stats': None, 'is_tests':                       name   result  limit   value  \
0               LOW_SHARPE     PASS   1.25  2.2300   
1              LOW_FITNESS     FAIL   1.00  0.7700   
2             LOW_TURNOVER     PASS   0.01  0.9548   
3            HIGH_TURNOVER     FAIL   0.70  0.9548   
4      CONCENTRATED_WEIGHT     PASS    NaN     NaN   
5  LOW_SUB_UNIVERSE_SHARPE     PASS   0.78  1.0400   
6         SELF_CORRELATION  PENDING    NaN     NaN   
7         PROD_CORRELATION  PENDING    NaN     NaN   
8       REGULAR_SUBMISSION  PENDING    NaN     NaN   
9      MATCHES_COMPETITION     PASS    NaN     NaN   

                                 competitions alpha_id  
0                                         NaN  Op6gk0Y  
1                                         NaN  Op6gk0Y  
2                                         NaN  Op6gk0Y  
3                                         NaN  Op6gk0Y  
4                                         NaN  Op6gk0Y  
5                                         NaN  Op6gk0Y  
6                                         NaN  Op6gk0Y  
7                                         NaN  Op6gk0Y  
8                                         NaN  Op6gk0Y  
9  [{'id': 'challenge', 'name': 'Challenge'}]  Op6gk0Y  , 'train': None, 'test': None}"
15	"{'alpha_id': '5wGY98J', 'simulate_data': {'type': 'REGULAR', 'settings': {'instrumentType': 'EQUITY', 'region': 'GLB', 'universe': 'MINVOL1M', 'delay': 1, 'decay': 0, 'neutralization': 'MARKET', 'truncation': 0.01, 'pasteurization': 'ON', 'unitHandling': 'VERIFY', 'nanHandling': 'OFF', 'language': 'FASTEXPR', 'visualization': False}, 'regular': 'pro = oth460_1l_vlc;stock = ts_zscore(ts_backfill(anl69_cps_best_eeps_cur_yr, 21),21);factor = group_zscore(ts_ir(returns, 252), industry);alpha = regression_neut(stock, factor);trade_when(pro<=0.5, alpha, pro>0.5)'}, 'is_stats':         pnl  bookSize  longCount  shortCount  turnover  returns  drawdown  \
0  11523746  20000000       1185        1213    0.9592   0.1113    0.0682   

     margin  fitness  sharpe   startDate alpha_id  
0  0.000232     0.79    2.33  2012-01-22  5wGY98J  , 'pnl': None, 'stats': None, 'is_tests':                       name   result  limit   value  \
0               LOW_SHARPE     PASS   1.25  2.3300   
1              LOW_FITNESS     FAIL   1.00  0.7900   
2             LOW_TURNOVER     PASS   0.01  0.9592   
3            HIGH_TURNOVER     FAIL   0.70  0.9592   
4      CONCENTRATED_WEIGHT     PASS    NaN     NaN   
5  LOW_SUB_UNIVERSE_SHARPE     PASS   0.82  1.1100   
6         SELF_CORRELATION  PENDING    NaN     NaN   
7         PROD_CORRELATION  PENDING    NaN     NaN   
8       REGULAR_SUBMISSION  PENDING    NaN     NaN   
9      MATCHES_COMPETITION     PASS    NaN     NaN   

                                 competitions alpha_id  
0                                         NaN  5wGY98J  
1                                         NaN  5wGY98J  
2                                         NaN  5wGY98J  
3                                         NaN  5wGY98J  
4                                         NaN  5wGY98J  
5                                         NaN  5wGY98J  
6                                         NaN  5wGY98J  
7                                         NaN  5wGY98J  
8                                         NaN  5wGY98J  
9  [{'id': 'challenge', 'name': 'Challenge'}]  5wGY98J  , 'train': None, 'test': None}"
16	"{'alpha_id': 'KbVZ6lN', 'simulate_data': {'type': 'REGULAR', 'settings': {'instrumentType': 'EQUITY', 'region': 'GLB', 'universe': 'MINVOL1M', 'delay': 1, 'decay': 0, 'neutralization': 'MARKET', 'truncation': 0.01, 'pasteurization': 'ON', 'unitHandling': 'VERIFY', 'nanHandling': 'OFF', 'language': 'FASTEXPR', 'visualization': False}, 'regular': 'pro = oth460_1l_vlc;stock = ts_zscore(ts_backfill(anl69_cps_best_eeps_nxt_yr, 21),21);factor = group_zscore(ts_ir(returns, 252), industry);alpha = vector_neut(stock, factor);trade_when(pro<=0.5, alpha, pro>0.5)'}, 'is_stats':         pnl  bookSize  longCount  shortCount  turnover  returns  drawdown  \
0  14338803  20000000       1192        1235    0.9601   0.1385    0.0606   

     margin  fitness  sharpe   startDate alpha_id  
0  0.000288     0.93    2.46  2012-01-22  KbVZ6lN  , 'pnl': None, 'stats': None, 'is_tests':                       name   result  limit   value  \
0               LOW_SHARPE     PASS   1.25  2.4600   
1              LOW_FITNESS     FAIL   1.00  0.9300   
2             LOW_TURNOVER     PASS   0.01  0.9601   
3            HIGH_TURNOVER     FAIL   0.70  0.9601   
4      CONCENTRATED_WEIGHT     PASS    NaN     NaN   
5  LOW_SUB_UNIVERSE_SHARPE     PASS   0.86  1.2600   
6         SELF_CORRELATION  PENDING    NaN     NaN   
7         PROD_CORRELATION  PENDING    NaN     NaN   
8       REGULAR_SUBMISSION  PENDING    NaN     NaN   
9      MATCHES_COMPETITION     PASS    NaN     NaN   

                                 competitions alpha_id  
0                                         NaN  KbVZ6lN  
1                                         NaN  KbVZ6lN  
2                                         NaN  KbVZ6lN  
3                                         NaN  KbVZ6lN  
4                                         NaN  KbVZ6lN  
5                                         NaN  KbVZ6lN  
6                                         NaN  KbVZ6lN  
7                                         NaN  KbVZ6lN  
8                                         NaN  KbVZ6lN  
9  [{'id': 'challenge', 'name': 'Challenge'}]  KbVZ6lN  , 'train': None, 'test': None}"
17	"{'alpha_id': 'AwLEbNd', 'simulate_data': {'type': 'REGULAR', 'settings': {'instrumentType': 'EQUITY', 'region': 'GLB', 'universe': 'MINVOL1M', 'delay': 1, 'decay': 0, 'neutralization': 'MARKET', 'truncation': 0.01, 'pasteurization': 'ON', 'unitHandling': 'VERIFY', 'nanHandling': 'OFF', 'language': 'FASTEXPR', 'visualization': False}, 'regular': 'pro = oth460_1l_1dls;stock = ts_zscore(ts_backfill(anl69_roe_best_eeps_nxt_yr, 21),21);factor = group_zscore(ts_ir(returns, 252), industry);alpha = vector_neut(stock, factor);trade_when(pro<=0.5, alpha, pro>0.5)'}, 'is_stats':         pnl  bookSize  longCount  shortCount  turnover  returns  drawdown  \
0  13492665  20000000       1468        1484    0.3254   0.1303    0.0661   

     margin  fitness  sharpe   startDate alpha_id  
0  0.000801      1.4    2.21  2012-01-22  AwLEbNd  , 'pnl': None, 'stats': None, 'is_tests':                       name   result  limit   value  \
0               LOW_SHARPE     PASS   1.25  2.2100   
1              LOW_FITNESS     PASS   1.00  1.4000   
2             LOW_TURNOVER     PASS   0.01  0.3254   
3            HIGH_TURNOVER     PASS   0.70  0.3254   
4      CONCENTRATED_WEIGHT     PASS    NaN     NaN   
5  LOW_SUB_UNIVERSE_SHARPE     PASS   0.77  0.9900   
6         SELF_CORRELATION  PENDING    NaN     NaN   
7         PROD_CORRELATION  PENDING    NaN     NaN   
8       REGULAR_SUBMISSION  PENDING    NaN     NaN   
9      MATCHES_COMPETITION     PASS    NaN     NaN   

                                 competitions alpha_id  
0                                         NaN  AwLEbNd  
1                                         NaN  AwLEbNd  
2                                         NaN  AwLEbNd  
3                                         NaN  AwLEbNd  
4                                         NaN  AwLEbNd  
5                                         NaN  AwLEbNd  
6                                         NaN  AwLEbNd  
7                                         NaN  AwLEbNd  
8                                         NaN  AwLEbNd  
9  [{'id': 'challenge', 'name': 'Challenge'}]  AwLEbNd  , 'train': None, 'test': None}"
18	"{'alpha_id': 'bLxAMOl', 'simulate_data': {'type': 'REGULAR', 'settings': {'instrumentType': 'EQUITY', 'region': 'GLB', 'universe': 'MINVOL1M', 'delay': 1, 'decay': 0, 'neutralization': 'MARKET', 'truncation': 0.01, 'pasteurization': 'ON', 'unitHandling': 'VERIFY', 'nanHandling': 'OFF', 'language': 'FASTEXPR', 'visualization': False}, 'regular': 'pro = oth460_1l_1dls;stock = ts_zscore(ts_backfill(anl69_roe_best_eeps_nxt_yr, 21),21);factor = group_zscore(ts_ir(returns, 252), industry);alpha = regression_neut(stock, factor);trade_when(pro<=0.5, alpha, pro>0.5)'}, 'is_stats':         pnl  bookSize  longCount  shortCount  turnover  returns  drawdown  \
0  13544151  20000000       1472        1480    0.3353   0.1308     0.063   

    margin  fitness  sharpe   startDate alpha_id  
0  0.00078     1.48    2.37  2012-01-22  bLxAMOl  , 'pnl': None, 'stats': None, 'is_tests':                       name   result  limit   value  \
0               LOW_SHARPE     PASS   1.25  2.3700   
1              LOW_FITNESS     PASS   1.00  1.4800   
2             LOW_TURNOVER     PASS   0.01  0.3353   
3            HIGH_TURNOVER     PASS   0.70  0.3353   
4      CONCENTRATED_WEIGHT     PASS    NaN     NaN   
5  LOW_SUB_UNIVERSE_SHARPE     PASS   0.83  1.0800   
6         SELF_CORRELATION  PENDING    NaN     NaN   
7         PROD_CORRELATION  PENDING    NaN     NaN   
8       REGULAR_SUBMISSION  PENDING    NaN     NaN   
9      MATCHES_COMPETITION     PASS    NaN     NaN   

                                 competitions alpha_id  
0                                         NaN  bLxAMOl  
1                                         NaN  bLxAMOl  
2                                         NaN  bLxAMOl  
3                                         NaN  bLxAMOl  
4                                         NaN  bLxAMOl  
5                                         NaN  bLxAMOl  
6                                         NaN  bLxAMOl  
7                                         NaN  bLxAMOl  
8                                         NaN  bLxAMOl  
9  [{'id': 'challenge', 'name': 'Challenge'}]  bLxAMOl  , 'train': None, 'test': None}"
19	"{'alpha_id': 'QaW6lRr', 'simulate_data': {'type': 'REGULAR', 'settings': {'instrumentType': 'EQUITY', 'region': 'GLB', 'universe': 'MINVOL1M', 'delay': 1, 'decay': 0, 'neutralization': 'MARKET', 'truncation': 0.01, 'pasteurization': 'ON', 'unitHandling': 'VERIFY', 'nanHandling': 'OFF', 'language': 'FASTEXPR', 'visualization': False}, 'regular': 'pro = oth460_1l_vlc;stock = ts_zscore(ts_backfill(anl69_cpss_best_eeps_nxt_yr, 21),21);factor = group_zscore(ts_ir(returns, 252), industry);alpha = regression_neut(stock, factor);trade_when(pro<=0.5, alpha, pro>0.5)'}, 'is_stats':         pnl  bookSize  longCount  shortCount  turnover  returns  drawdown  \
0  14194704  20000000       1200        1227    0.9651   0.1371    0.0588   

     margin  fitness  sharpe   startDate alpha_id  
0  0.000284     0.97    2.58  2012-01-22  QaW6lRr  , 'pnl': None, 'stats': None, 'is_tests':                       name   result  limit   value  \
0               LOW_SHARPE     PASS   1.25  2.5800   
1              LOW_FITNESS     FAIL   1.00  0.9700   
2             LOW_TURNOVER     PASS   0.01  0.9651   
3            HIGH_TURNOVER     FAIL   0.70  0.9651   
4      CONCENTRATED_WEIGHT     PASS    NaN     NaN   
5  LOW_SUB_UNIVERSE_SHARPE     PASS   0.90  1.3400   
6         SELF_CORRELATION  PENDING    NaN     NaN   
7         PROD_CORRELATION  PENDING    NaN     NaN   
8       REGULAR_SUBMISSION  PENDING    NaN     NaN   
9      MATCHES_COMPETITION     PASS    NaN     NaN   

                                 competitions alpha_id  
0                                         NaN  QaW6lRr  
1                                         NaN  QaW6lRr  
2                                         NaN  QaW6lRr  
3                                         NaN  QaW6lRr  
4                                         NaN  QaW6lRr  
5                                         NaN  QaW6lRr  
6                                         NaN  QaW6lRr  
7                                         NaN  QaW6lRr  
8                                         NaN  QaW6lRr  
9  [{'id': 'challenge', 'name': 'Challenge'}]  QaW6lRr  , 'train': None, 'test': None}"
20	"{'alpha_id': 'adRGPm9', 'simulate_data': {'type': 'REGULAR', 'settings': {'instrumentType': 'EQUITY', 'region': 'GLB', 'universe': 'MINVOL1M', 'delay': 1, 'decay': 0, 'neutralization': 'MARKET', 'truncation': 0.01, 'pasteurization': 'ON', 'unitHandling': 'VERIFY', 'nanHandling': 'OFF', 'language': 'FASTEXPR', 'visualization': False}, 'regular': 'pro = oth460_1l_vlc;stock = ts_zscore(ts_backfill(anl69_pe_best_eeps_nxt_yr, 21),21);factor = group_zscore(ts_ir(returns, 252), industry);alpha = vector_neut(stock, factor);trade_when(pro<=0.5, alpha, pro>0.5)'}, 'is_stats':         pnl  bookSize  longCount  shortCount  turnover  returns  drawdown  \
0  14262175  20000000       1192        1235    0.9599   0.1377    0.0611   

     margin  fitness  sharpe   startDate alpha_id  
0  0.000287     0.93    2.45  2012-01-22  adRGPm9  , 'pnl': None, 'stats': None, 'is_tests':                       name   result  limit   value  \
0               LOW_SHARPE     PASS   1.25  2.4500   
1              LOW_FITNESS     FAIL   1.00  0.9300   
2             LOW_TURNOVER     PASS   0.01  0.9599   
3            HIGH_TURNOVER     FAIL   0.70  0.9599   
4      CONCENTRATED_WEIGHT     PASS    NaN     NaN   
5  LOW_SUB_UNIVERSE_SHARPE     PASS   0.86  1.2500   
6         SELF_CORRELATION  PENDING    NaN     NaN   
7         PROD_CORRELATION  PENDING    NaN     NaN   
8       REGULAR_SUBMISSION  PENDING    NaN     NaN   
9      MATCHES_COMPETITION     PASS    NaN     NaN   

                                 competitions alpha_id  
0                                         NaN  adRGPm9  
1                                         NaN  adRGPm9  
2                                         NaN  adRGPm9  
3                                         NaN  adRGPm9  
4                                         NaN  adRGPm9  
5                                         NaN  adRGPm9  
6                                         NaN  adRGPm9  
7                                         NaN  adRGPm9  
8                                         NaN  adRGPm9  
9  [{'id': 'challenge', 'name': 'Challenge'}]  adRGPm9  , 'train': None, 'test': None}"
21	"{'alpha_id': 'Rp5PaOd', 'simulate_data': {'type': 'REGULAR', 'settings': {'instrumentType': 'EQUITY', 'region': 'GLB', 'universe': 'MINVOL1M', 'delay': 1, 'decay': 0, 'neutralization': 'MARKET', 'truncation': 0.01, 'pasteurization': 'ON', 'unitHandling': 'VERIFY', 'nanHandling': 'OFF', 'language': 'FASTEXPR', 'visualization': False}, 'regular': 'pro = oth460_1l_vlc;stock = ts_zscore(ts_backfill(anl69_pe_best_eeps_nxt_yr, 21),21);factor = group_zscore(ts_ir(returns, 252), industry);alpha = regression_neut(stock, factor);trade_when(pro<=0.5, alpha, pro>0.5)'}, 'is_stats':         pnl  bookSize  longCount  shortCount  turnover  returns  drawdown  \
0  14194704  20000000       1200        1227    0.9651   0.1371    0.0588   

     margin  fitness  sharpe   startDate alpha_id  
0  0.000284     0.97    2.58  2012-01-22  Rp5PaOd  , 'pnl': None, 'stats': None, 'is_tests':                       name   result  limit   value  \
0               LOW_SHARPE     PASS   1.25  2.5800   
1              LOW_FITNESS     FAIL   1.00  0.9700   
2             LOW_TURNOVER     PASS   0.01  0.9651   
3            HIGH_TURNOVER     FAIL   0.70  0.9651   
4      CONCENTRATED_WEIGHT     PASS    NaN     NaN   
5  LOW_SUB_UNIVERSE_SHARPE     PASS   0.90  1.3400   
6         SELF_CORRELATION  PENDING    NaN     NaN   
7         PROD_CORRELATION  PENDING    NaN     NaN   
8       REGULAR_SUBMISSION  PENDING    NaN     NaN   
9      MATCHES_COMPETITION     PASS    NaN     NaN   

                                 competitions alpha_id  
0                                         NaN  Rp5PaOd  
1                                         NaN  Rp5PaOd  
2                                         NaN  Rp5PaOd  
3                                         NaN  Rp5PaOd  
4                                         NaN  Rp5PaOd  
5                                         NaN  Rp5PaOd  
6                                         NaN  Rp5PaOd  
7                                         NaN  Rp5PaOd  
8                                         NaN  Rp5PaOd  
9  [{'id': 'challenge', 'name': 'Challenge'}]  Rp5PaOd  , 'train': None, 'test': None}"
22	"{'alpha_id': 'lVg10ge', 'simulate_data': {'type': 'REGULAR', 'settings': {'instrumentType': 'EQUITY', 'region': 'GLB', 'universe': 'MINVOL1M', 'delay': 1, 'decay': 0, 'neutralization': 'MARKET', 'truncation': 0.01, 'pasteurization': 'ON', 'unitHandling': 'VERIFY', 'nanHandling': 'OFF', 'language': 'FASTEXPR', 'visualization': False}, 'regular': 'pro = oth460_1l_vlc;stock = ts_zscore(ts_backfill(anl69_roe_best_eeps_nxt_yr, 21),21);factor = group_zscore(ts_ir(returns, 252), industry);alpha = vector_neut(stock, factor);trade_when(pro<=0.5, alpha, pro>0.5)'}, 'is_stats':         pnl  bookSize  longCount  shortCount  turnover  returns  drawdown  \
0  14338803  20000000       1192        1235    0.9601   0.1385    0.0606   

     margin  fitness  sharpe   startDate alpha_id  
0  0.000288     0.93    2.46  2012-01-22  lVg10ge  , 'pnl': None, 'stats': None, 'is_tests':                       name   result  limit   value  \
0               LOW_SHARPE     PASS   1.25  2.4600   
1              LOW_FITNESS     FAIL   1.00  0.9300   
2             LOW_TURNOVER     PASS   0.01  0.9601   
3            HIGH_TURNOVER     FAIL   0.70  0.9601   
4      CONCENTRATED_WEIGHT     PASS    NaN     NaN   
5  LOW_SUB_UNIVERSE_SHARPE     PASS   0.86  1.2600   
6         SELF_CORRELATION  PENDING    NaN     NaN   
7         PROD_CORRELATION  PENDING    NaN     NaN   
8       REGULAR_SUBMISSION  PENDING    NaN     NaN   
9      MATCHES_COMPETITION     PASS    NaN     NaN   

                                 competitions alpha_id  
0                                         NaN  lVg10ge  
1                                         NaN  lVg10ge  
2                                         NaN  lVg10ge  
3                                         NaN  lVg10ge  
4                                         NaN  lVg10ge  
5                                         NaN  lVg10ge  
6                                         NaN  lVg10ge  
7                                         NaN  lVg10ge  
8                                         NaN  lVg10ge  
9  [{'id': 'challenge', 'name': 'Challenge'}]  lVg10ge  , 'train': None, 'test': None}"
23	"{'alpha_id': 'KbVZLVz', 'simulate_data': {'type': 'REGULAR', 'settings': {'instrumentType': 'EQUITY', 'region': 'GLB', 'universe': 'MINVOL1M', 'delay': 1, 'decay': 0, 'neutralization': 'MARKET', 'truncation': 0.01, 'pasteurization': 'ON', 'unitHandling': 'VERIFY', 'nanHandling': 'OFF', 'language': 'FASTEXPR', 'visualization': False}, 'regular': 'pro = oth460_1l_vlc;stock = ts_zscore(ts_backfill(anl69_roe_best_eeps_nxt_yr, 21),21);factor = group_zscore(ts_ir(returns, 252), industry);alpha = regression_neut(stock, factor);trade_when(pro<=0.5, alpha, pro>0.5)'}, 'is_stats':         pnl  bookSize  longCount  shortCount  turnover  returns  drawdown  \
0  14270494  20000000       1200        1226    0.9652   0.1378    0.0583   

     margin  fitness  sharpe   startDate alpha_id  
0  0.000286     0.98    2.59  2012-01-22  KbVZLVz  , 'pnl': None, 'stats': None, 'is_tests':                       name   result  limit   value  \
0               LOW_SHARPE     PASS   1.25  2.5900   
1              LOW_FITNESS     FAIL   1.00  0.9800   
2             LOW_TURNOVER     PASS   0.01  0.9652   
3            HIGH_TURNOVER     FAIL   0.70  0.9652   
4      CONCENTRATED_WEIGHT     PASS    NaN     NaN   
5  LOW_SUB_UNIVERSE_SHARPE     PASS   0.91  1.3500   
6         SELF_CORRELATION  PENDING    NaN     NaN   
7         PROD_CORRELATION  PENDING    NaN     NaN   
8       REGULAR_SUBMISSION  PENDING    NaN     NaN   
9      MATCHES_COMPETITION     PASS    NaN     NaN   

                                 competitions alpha_id  
0                                         NaN  KbVZLVz  
1                                         NaN  KbVZLVz  
2                                         NaN  KbVZLVz  
3                                         NaN  KbVZLVz  
4                                         NaN  KbVZLVz  
5                                         NaN  KbVZLVz  
6                                         NaN  KbVZLVz  
7                                         NaN  KbVZLVz  
8                                         NaN  KbVZLVz  
9  [{'id': 'challenge', 'name': 'Challenge'}]  KbVZLVz  , 'train': None, 'test': None}"
24	"{'alpha_id': 'k3893Md', 'simulate_data': {'type': 'REGULAR', 'settings': {'instrumentType': 'EQUITY', 'region': 'GLB', 'universe': 'MINVOL1M', 'delay': 1, 'decay': 0, 'neutralization': 'MARKET', 'truncation': 0.01, 'pasteurization': 'ON', 'unitHandling': 'VERIFY', 'nanHandling': 'OFF', 'language': 'FASTEXPR', 'visualization': False}, 'regular': 'pro = oth460_1l_ppgs;stock = ts_zscore(ts_backfill(anl69_pe_best_eeps_nxt_yr, 21),21);factor = group_zscore(ts_ir(returns, 252), industry);alpha = regression_neut(stock, factor);trade_when(pro<=0.5, alpha, pro>0.5)'}, 'is_stats':         pnl  bookSize  longCount  shortCount  turnover  returns  drawdown  \
0  14947332  20000000       1017        1050    0.4086   0.1443     0.054   

     margin  fitness  sharpe   startDate alpha_id  
0  0.000707     1.69    2.84  2012-01-22  k3893Md  , 'pnl': None, 'stats': None, 'is_tests':                       name   result  limit   value  \
0               LOW_SHARPE     PASS   1.25  2.8400   
1              LOW_FITNESS     PASS   1.00  1.6900   
2             LOW_TURNOVER     PASS   0.01  0.4086   
3            HIGH_TURNOVER     PASS   0.70  0.4086   
4      CONCENTRATED_WEIGHT     PASS    NaN     NaN   
5  LOW_SUB_UNIVERSE_SHARPE     PASS   0.99  1.3700   
6         SELF_CORRELATION  PENDING    NaN     NaN   
7         PROD_CORRELATION  PENDING    NaN     NaN   
8       REGULAR_SUBMISSION  PENDING    NaN     NaN   
9      MATCHES_COMPETITION     PASS    NaN     NaN   

                                 competitions alpha_id  
0                                         NaN  k3893Md  
1                                         NaN  k3893Md  
2                                         NaN  k3893Md  
3                                         NaN  k3893Md  
4                                         NaN  k3893Md  
5                                         NaN  k3893Md  
6                                         NaN  k3893Md  
7                                         NaN  k3893Md  
8                                         NaN  k3893Md  
9  [{'id': 'challenge', 'name': 'Challenge'}]  k3893Md  , 'train': None, 'test': None}"
25	"{'alpha_id': 'AwLEw5g', 'simulate_data': {'type': 'REGULAR', 'settings': {'instrumentType': 'EQUITY', 'region': 'GLB', 'universe': 'MINVOL1M', 'delay': 1, 'decay': 0, 'neutralization': 'MARKET', 'truncation': 0.01, 'pasteurization': 'ON', 'unitHandling': 'VERIFY', 'nanHandling': 'OFF', 'language': 'FASTEXPR', 'visualization': False}, 'regular': 'pro = oth460_1l_ppgs;stock = ts_zscore(ts_backfill(anl69_cps_best_eeps_cur_yr, 21),21);factor = group_zscore(ts_ir(returns, 252), industry);alpha = vector_neut(stock, factor);trade_when(pro<=0.5, alpha, pro>0.5)'}, 'is_stats':         pnl  bookSize  longCount  shortCount  turnover  returns  drawdown  \
0  12593453  20000000       1003        1065    0.3934   0.1216    0.0632   

     margin  fitness  sharpe   startDate alpha_id  
0  0.000618     1.35    2.43  2012-01-22  AwLEw5g  , 'pnl': None, 'stats': None, 'is_tests':                       name   result  limit   value  \
0               LOW_SHARPE     PASS   1.25  2.4300   
1              LOW_FITNESS     PASS   1.00  1.3500   
2             LOW_TURNOVER     PASS   0.01  0.3934   
3            HIGH_TURNOVER     PASS   0.70  0.3934   
4      CONCENTRATED_WEIGHT     PASS    NaN     NaN   
5  LOW_SUB_UNIVERSE_SHARPE     PASS   0.85  1.1100   
6         SELF_CORRELATION  PENDING    NaN     NaN   
7         PROD_CORRELATION  PENDING    NaN     NaN   
8       REGULAR_SUBMISSION  PENDING    NaN     NaN   
9      MATCHES_COMPETITION     PASS    NaN     NaN   

                                 competitions alpha_id  
0                                         NaN  AwLEw5g  
1                                         NaN  AwLEw5g  
2                                         NaN  AwLEw5g  
3                                         NaN  AwLEw5g  
4                                         NaN  AwLEw5g  
5                                         NaN  AwLEw5g  
6                                         NaN  AwLEw5g  
7                                         NaN  AwLEw5g  
8                                         NaN  AwLEw5g  
9  [{'id': 'challenge', 'name': 'Challenge'}]  AwLEw5g  , 'train': None, 'test': None}"
26	"{'alpha_id': 'Rp5Ppoz', 'simulate_data': {'type': 'REGULAR', 'settings': {'instrumentType': 'EQUITY', 'region': 'GLB', 'universe': 'MINVOL1M', 'delay': 1, 'decay': 0, 'neutralization': 'MARKET', 'truncation': 0.01, 'pasteurization': 'ON', 'unitHandling': 'VERIFY', 'nanHandling': 'OFF', 'language': 'FASTEXPR', 'visualization': False}, 'regular': 'pro = oth460_1l_ppgs;stock = ts_zscore(ts_backfill(anl69_cps_best_eeps_cur_yr, 21),21);factor = group_zscore(ts_ir(returns, 252), industry);alpha = regression_neut(stock, factor);trade_when(pro<=0.5, alpha, pro>0.5)'}, 'is_stats':         pnl  bookSize  longCount  shortCount  turnover  returns  drawdown  \
0  12687457  20000000       1011        1057    0.4003   0.1225    0.0526   

     margin  fitness  sharpe   startDate alpha_id  
0  0.000612     1.43    2.58  2012-01-22  Rp5Ppoz  , 'pnl': None, 'stats': None, 'is_tests':                       name   result  limit   value  \
0               LOW_SHARPE     PASS   1.25  2.5800   
1              LOW_FITNESS     PASS   1.00  1.4300   
2             LOW_TURNOVER     PASS   0.01  0.4003   
3            HIGH_TURNOVER     PASS   0.70  0.4003   
4      CONCENTRATED_WEIGHT     PASS    NaN     NaN   
5  LOW_SUB_UNIVERSE_SHARPE     PASS   0.90  1.2100   
6         SELF_CORRELATION  PENDING    NaN     NaN   
7         PROD_CORRELATION  PENDING    NaN     NaN   
8       REGULAR_SUBMISSION  PENDING    NaN     NaN   
9      MATCHES_COMPETITION     PASS    NaN     NaN   

                                 competitions alpha_id  
0                                         NaN  Rp5Ppoz  
1                                         NaN  Rp5Ppoz  
2                                         NaN  Rp5Ppoz  
3                                         NaN  Rp5Ppoz  
4                                         NaN  Rp5Ppoz  
5                                         NaN  Rp5Ppoz  
6                                         NaN  Rp5Ppoz  
7                                         NaN  Rp5Ppoz  
8                                         NaN  Rp5Ppoz  
9  [{'id': 'challenge', 'name': 'Challenge'}]  Rp5Ppoz  , 'train': None, 'test': None}"
27	"{'alpha_id': 'EwmxE8r', 'simulate_data': {'type': 'REGULAR', 'settings': {'instrumentType': 'EQUITY', 'region': 'GLB', 'universe': 'MINVOL1M', 'delay': 1, 'decay': 0, 'neutralization': 'MARKET', 'truncation': 0.01, 'pasteurization': 'ON', 'unitHandling': 'VERIFY', 'nanHandling': 'OFF', 'language': 'FASTEXPR', 'visualization': False}, 'regular': 'pro = oth460_1l_ppgs;stock = ts_zscore(ts_backfill(anl69_cpss_best_eeps_nxt_yr, 21),21);factor = group_zscore(ts_ir(returns, 252), industry);alpha = vector_neut(stock, factor);trade_when(pro<=0.5, alpha, pro>0.5)'}, 'is_stats':         pnl  bookSize  longCount  shortCount  turnover  returns  drawdown  \
0  14723284  20000000       1010        1057    0.4002   0.1422     0.059   

    margin  fitness  sharpe   startDate alpha_id  
0  0.00071     1.57    2.64  2012-01-22  EwmxE8r  , 'pnl': None, 'stats': None, 'is_tests':                       name   result  limit   value  \
0               LOW_SHARPE     PASS   1.25  2.6400   
1              LOW_FITNESS     PASS   1.00  1.5700   
2             LOW_TURNOVER     PASS   0.01  0.4002   
3            HIGH_TURNOVER     PASS   0.70  0.4002   
4      CONCENTRATED_WEIGHT     PASS    NaN     NaN   
5  LOW_SUB_UNIVERSE_SHARPE     PASS   0.92  1.2600   
6         SELF_CORRELATION  PENDING    NaN     NaN   
7         PROD_CORRELATION  PENDING    NaN     NaN   
8       REGULAR_SUBMISSION  PENDING    NaN     NaN   
9      MATCHES_COMPETITION     PASS    NaN     NaN   

                                 competitions alpha_id  
0                                         NaN  EwmxE8r  
1                                         NaN  EwmxE8r  
2                                         NaN  EwmxE8r  
3                                         NaN  EwmxE8r  
4                                         NaN  EwmxE8r  
5                                         NaN  EwmxE8r  
6                                         NaN  EwmxE8r  
7                                         NaN  EwmxE8r  
8                                         NaN  EwmxE8r  
9  [{'id': 'challenge', 'name': 'Challenge'}]  EwmxE8r  , 'train': None, 'test': None}"
28	"{'alpha_id': 'GwQ9LzP', 'simulate_data': {'type': 'REGULAR', 'settings': {'instrumentType': 'EQUITY', 'region': 'GLB', 'universe': 'MINVOL1M', 'delay': 1, 'decay': 0, 'neutralization': 'MARKET', 'truncation': 0.01, 'pasteurization': 'ON', 'unitHandling': 'VERIFY', 'nanHandling': 'OFF', 'language': 'FASTEXPR', 'visualization': False}, 'regular': 'pro = oth460_1l_ppgs;stock = ts_zscore(ts_backfill(anl69_cpss_best_eeps_nxt_yr, 21),21);factor = group_zscore(ts_ir(returns, 252), industry);alpha = regression_neut(stock, factor);trade_when(pro<=0.5, alpha, pro>0.5)'}, 'is_stats':         pnl  bookSize  longCount  shortCount  turnover  returns  drawdown  \
0  14947332  20000000       1017        1050    0.4086   0.1443     0.054   

     margin  fitness  sharpe   startDate alpha_id  
0  0.000707     1.69    2.84  2012-01-22  GwQ9LzP  , 'pnl': None, 'stats': None, 'is_tests':                       name   result  limit   value  \
0               LOW_SHARPE     PASS   1.25  2.8400   
1              LOW_FITNESS     PASS   1.00  1.6900   
2             LOW_TURNOVER     PASS   0.01  0.4086   
3            HIGH_TURNOVER     PASS   0.70  0.4086   
4      CONCENTRATED_WEIGHT     PASS    NaN     NaN   
5  LOW_SUB_UNIVERSE_SHARPE     PASS   0.99  1.3700   
6         SELF_CORRELATION  PENDING    NaN     NaN   
7         PROD_CORRELATION  PENDING    NaN     NaN   
8       REGULAR_SUBMISSION  PENDING    NaN     NaN   
9      MATCHES_COMPETITION     PASS    NaN     NaN   

                                 competitions alpha_id  
0                                         NaN  GwQ9LzP  
1                                         NaN  GwQ9LzP  
2                                         NaN  GwQ9LzP  
3                                         NaN  GwQ9LzP  
4                                         NaN  GwQ9LzP  
5                                         NaN  GwQ9LzP  
6                                         NaN  GwQ9LzP  
7                                         NaN  GwQ9LzP  
8                                         NaN  GwQ9LzP  
9  [{'id': 'challenge', 'name': 'Challenge'}]  GwQ9LzP  , 'train': None, 'test': None}"
29	"{'alpha_id': 'WpYJGzo', 'simulate_data': {'type': 'REGULAR', 'settings': {'instrumentType': 'EQUITY', 'region': 'GLB', 'universe': 'MINVOL1M', 'delay': 1, 'decay': 0, 'neutralization': 'MARKET', 'truncation': 0.01, 'pasteurization': 'ON', 'unitHandling': 'VERIFY', 'nanHandling': 'OFF', 'language': 'FASTEXPR', 'visualization': False}, 'regular': 'pro = oth460_1l_ppgs;stock = ts_zscore(ts_backfill(anl69_pe_best_eeps_nxt_yr, 21),21);factor = group_zscore(ts_ir(returns, 252), industry);alpha = vector_neut(stock, factor);trade_when(pro<=0.5, alpha, pro>0.5)'}, 'is_stats':         pnl  bookSize  longCount  shortCount  turnover  returns  drawdown  \
0  14723284  20000000       1010        1057    0.4002   0.1422     0.059   

    margin  fitness  sharpe   startDate alpha_id  
0  0.00071     1.57    2.64  2012-01-22  WpYJGzo  , 'pnl': None, 'stats': None, 'is_tests':                       name   result  limit   value  \
0               LOW_SHARPE     PASS   1.25  2.6400   
1              LOW_FITNESS     PASS   1.00  1.5700   
2             LOW_TURNOVER     PASS   0.01  0.4002   
3            HIGH_TURNOVER     PASS   0.70  0.4002   
4      CONCENTRATED_WEIGHT     PASS    NaN     NaN   
5  LOW_SUB_UNIVERSE_SHARPE     PASS   0.92  1.2600   
6         SELF_CORRELATION  PENDING    NaN     NaN   
7         PROD_CORRELATION  PENDING    NaN     NaN   
8       REGULAR_SUBMISSION  PENDING    NaN     NaN   
9      MATCHES_COMPETITION     PASS    NaN     NaN   

                                 competitions alpha_id  
0                                         NaN  WpYJGzo  
1                                         NaN  WpYJGzo  
2                                         NaN  WpYJGzo  
3                                         NaN  WpYJGzo  
4                                         NaN  WpYJGzo  
5                                         NaN  WpYJGzo  
6                                         NaN  WpYJGzo  
7                                         NaN  WpYJGzo  
8                                         NaN  WpYJGzo  
9  [{'id': 'challenge', 'name': 'Challenge'}]  WpYJGzo  , 'train': None, 'test': None}"
30	"{'alpha_id': '8zGX3Ga', 'simulate_data': {'type': 'REGULAR', 'settings': {'instrumentType': 'EQUITY', 'region': 'GLB', 'universe': 'MINVOL1M', 'delay': 1, 'decay': 0, 'neutralization': 'MARKET', 'truncation': 0.01, 'pasteurization': 'ON', 'unitHandling': 'VERIFY', 'nanHandling': 'OFF', 'language': 'FASTEXPR', 'visualization': False}, 'regular': 'pro = oth460_1l_ppgs;stock = ts_zscore(ts_backfill(anl69_roe_best_eeps_nxt_yr, 21),21);factor = group_zscore(ts_ir(returns, 252), industry);alpha = vector_neut(stock, factor);trade_when(pro<=0.5, alpha, pro>0.5)'}, 'is_stats':         pnl  bookSize  longCount  shortCount  turnover  returns  drawdown  \
0  14779533  20000000       1010        1057    0.4003   0.1427    0.0589   

     margin  fitness  sharpe   startDate alpha_id  
0  0.000713     1.58    2.64  2012-01-22  8zGX3Ga  , 'pnl': None, 'stats': None, 'is_tests':                       name   result  limit   value  \
0               LOW_SHARPE     PASS   1.25  2.6400   
1              LOW_FITNESS     PASS   1.00  1.5800   
2             LOW_TURNOVER     PASS   0.01  0.4003   
3            HIGH_TURNOVER     PASS   0.70  0.4003   
4      CONCENTRATED_WEIGHT     PASS    NaN     NaN   
5  LOW_SUB_UNIVERSE_SHARPE     PASS   0.92  1.2700   
6         SELF_CORRELATION  PENDING    NaN     NaN   
7         PROD_CORRELATION  PENDING    NaN     NaN   
8       REGULAR_SUBMISSION  PENDING    NaN     NaN   
9      MATCHES_COMPETITION     PASS    NaN     NaN   

                                 competitions alpha_id  
0                                         NaN  8zGX3Ga  
1                                         NaN  8zGX3Ga  
2                                         NaN  8zGX3Ga  
3                                         NaN  8zGX3Ga  
4                                         NaN  8zGX3Ga  
5                                         NaN  8zGX3Ga  
6                                         NaN  8zGX3Ga  
7                                         NaN  8zGX3Ga  
8                                         NaN  8zGX3Ga  
9  [{'id': 'challenge', 'name': 'Challenge'}]  8zGX3Ga  , 'train': None, 'test': None}"
31	"{'alpha_id': 'p6W35b6', 'simulate_data': {'type': 'REGULAR', 'settings': {'instrumentType': 'EQUITY', 'region': 'GLB', 'universe': 'MINVOL1M', 'delay': 1, 'decay': 0, 'neutralization': 'MARKET', 'truncation': 0.01, 'pasteurization': 'ON', 'unitHandling': 'VERIFY', 'nanHandling': 'OFF', 'language': 'FASTEXPR', 'visualization': False}, 'regular': 'pro = oth460_1l_ppgs;stock = ts_zscore(ts_backfill(anl69_roe_best_eeps_nxt_yr, 21),21);factor = group_zscore(ts_ir(returns, 252), industry);alpha = regression_neut(stock, factor);trade_when(pro<=0.5, alpha, pro>0.5)'}, 'is_stats':         pnl  bookSize  longCount  shortCount  turnover  returns  drawdown  \
0  15011220  20000000       1017        1050    0.4086    0.145    0.0539   

     margin  fitness  sharpe   startDate alpha_id  
0  0.000709     1.69    2.84  2012-01-22  p6W35b6  , 'pnl': None, 'stats': None, 'is_tests':                       name   result  limit   value  \
0               LOW_SHARPE     PASS   1.25  2.8400   
1              LOW_FITNESS     PASS   1.00  1.6900   
2             LOW_TURNOVER     PASS   0.01  0.4086   
3            HIGH_TURNOVER     PASS   0.70  0.4086   
4      CONCENTRATED_WEIGHT     PASS    NaN     NaN   
5  LOW_SUB_UNIVERSE_SHARPE     PASS   0.99  1.3700   
6         SELF_CORRELATION  PENDING    NaN     NaN   
7         PROD_CORRELATION  PENDING    NaN     NaN   
8       REGULAR_SUBMISSION  PENDING    NaN     NaN   
9      MATCHES_COMPETITION     PASS    NaN     NaN   

                                 competitions alpha_id  
0                                         NaN  p6W35b6  
1                                         NaN  p6W35b6  
2                                         NaN  p6W35b6  
3                                         NaN  p6W35b6  
4                                         NaN  p6W35b6  
5                                         NaN  p6W35b6  
6                                         NaN  p6W35b6  
7                                         NaN  p6W35b6  
8                                         NaN  p6W35b6  
9  [{'id': 'challenge', 'name': 'Challenge'}]  p6W35b6  , 'train': None, 'test': None}"
32	"{'alpha_id': '5wGYgmN', 'simulate_data': {'type': 'REGULAR', 'settings': {'instrumentType': 'EQUITY', 'region': 'GLB', 'universe': 'MINVOL1M', 'delay': 1, 'decay': 0, 'neutralization': 'MARKET', 'truncation': 0.01, 'pasteurization': 'ON', 'unitHandling': 'VERIFY', 'nanHandling': 'OFF', 'language': 'FASTEXPR', 'visualization': False}, 'regular': 'pro = oth460_1l_rw;stock = ts_zscore(ts_backfill(anl69_cpss_best_eeps_nxt_yr, 21),21);factor = group_zscore(ts_ir(returns, 252), industry);alpha = vector_neut(stock, factor);trade_when(pro<=0.5, alpha, pro>0.5)'}, 'is_stats':         pnl  bookSize  longCount  shortCount  turnover  returns  drawdown  \
0  17299106  20000000       1335        1297    0.5094    0.167    0.0533   

     margin  fitness  sharpe   startDate alpha_id  
0  0.000656      1.8    3.15  2012-01-22  5wGYgmN  , 'pnl': None, 'stats': None, 'is_tests':                       name   result  limit   value  \
0               LOW_SHARPE     PASS   1.25  3.1500   
1              LOW_FITNESS     PASS   1.00  1.8000   
2             LOW_TURNOVER     PASS   0.01  0.5094   
3            HIGH_TURNOVER     PASS   0.70  0.5094   
4      CONCENTRATED_WEIGHT     PASS    NaN     NaN   
5  LOW_SUB_UNIVERSE_SHARPE     PASS   1.10  1.4600   
6         SELF_CORRELATION  PENDING    NaN     NaN   
7         PROD_CORRELATION  PENDING    NaN     NaN   
8       REGULAR_SUBMISSION  PENDING    NaN     NaN   
9      MATCHES_COMPETITION     PASS    NaN     NaN   

                                 competitions alpha_id  
0                                         NaN  5wGYgmN  
1                                         NaN  5wGYgmN  
2                                         NaN  5wGYgmN  
3                                         NaN  5wGYgmN  
4                                         NaN  5wGYgmN  
5                                         NaN  5wGYgmN  
6                                         NaN  5wGYgmN  
7                                         NaN  5wGYgmN  
8                                         NaN  5wGYgmN  
9  [{'id': 'challenge', 'name': 'Challenge'}]  5wGYgmN  , 'train': None, 'test': None}"
33	"{'alpha_id': '9wGkWee', 'simulate_data': {'type': 'REGULAR', 'settings': {'instrumentType': 'EQUITY', 'region': 'GLB', 'universe': 'MINVOL1M', 'delay': 1, 'decay': 0, 'neutralization': 'MARKET', 'truncation': 0.01, 'pasteurization': 'ON', 'unitHandling': 'VERIFY', 'nanHandling': 'OFF', 'language': 'FASTEXPR', 'visualization': False}, 'regular': 'pro = oth460_1l_rw;stock = ts_zscore(ts_backfill(anl69_cpss_best_eeps_nxt_yr, 21),21);factor = group_zscore(ts_ir(returns, 252), industry);alpha = regression_neut(stock, factor);trade_when(pro<=0.5, alpha, pro>0.5)'}, 'is_stats':         pnl  bookSize  longCount  shortCount  turnover  returns  drawdown  \
0  17343682  20000000       1330        1302     0.518   0.1675    0.0487   

     margin  fitness  sharpe   startDate alpha_id  
0  0.000647     1.91    3.36  2012-01-22  9wGkWee  , 'pnl': None, 'stats': None, 'is_tests':                       name   result  limit  value  \
0               LOW_SHARPE     PASS   1.25  3.360   
1              LOW_FITNESS     PASS   1.00  1.910   
2             LOW_TURNOVER     PASS   0.01  0.518   
3            HIGH_TURNOVER     PASS   0.70  0.518   
4      CONCENTRATED_WEIGHT     PASS    NaN    NaN   
5  LOW_SUB_UNIVERSE_SHARPE     PASS   1.18  1.560   
6         SELF_CORRELATION  PENDING    NaN    NaN   
7         PROD_CORRELATION  PENDING    NaN    NaN   
8       REGULAR_SUBMISSION  PENDING    NaN    NaN   
9      MATCHES_COMPETITION     PASS    NaN    NaN   

                                 competitions alpha_id  
0                                         NaN  9wGkWee  
1                                         NaN  9wGkWee  
2                                         NaN  9wGkWee  
3                                         NaN  9wGkWee  
4                                         NaN  9wGkWee  
5                                         NaN  9wGkWee  
6                                         NaN  9wGkWee  
7                                         NaN  9wGkWee  
8                                         NaN  9wGkWee  
9  [{'id': 'challenge', 'name': 'Challenge'}]  9wGkWee  , 'train': None, 'test': None}"
34	"{'alpha_id': 'Op6gJjg', 'simulate_data': {'type': 'REGULAR', 'settings': {'instrumentType': 'EQUITY', 'region': 'GLB', 'universe': 'MINVOL1M', 'delay': 1, 'decay': 0, 'neutralization': 'MARKET', 'truncation': 0.01, 'pasteurization': 'ON', 'unitHandling': 'VERIFY', 'nanHandling': 'OFF', 'language': 'FASTEXPR', 'visualization': False}, 'regular': 'pro = oth460_1l_rw;stock = ts_zscore(ts_backfill(anl69_pe_best_eeps_nxt_yr, 21),21);factor = group_zscore(ts_ir(returns, 252), industry);alpha = vector_neut(stock, factor);trade_when(pro<=0.5, alpha, pro>0.5)'}, 'is_stats':         pnl  bookSize  longCount  shortCount  turnover  returns  drawdown  \
0  17299106  20000000       1335        1297    0.5094    0.167    0.0533   

     margin  fitness  sharpe   startDate alpha_id  
0  0.000656      1.8    3.15  2012-01-22  Op6gJjg  , 'pnl': None, 'stats': None, 'is_tests':                       name   result  limit   value  \
0               LOW_SHARPE     PASS   1.25  3.1500   
1              LOW_FITNESS     PASS   1.00  1.8000   
2             LOW_TURNOVER     PASS   0.01  0.5094   
3            HIGH_TURNOVER     PASS   0.70  0.5094   
4      CONCENTRATED_WEIGHT     PASS    NaN     NaN   
5  LOW_SUB_UNIVERSE_SHARPE     PASS   1.10  1.4600   
6         SELF_CORRELATION  PENDING    NaN     NaN   
7         PROD_CORRELATION  PENDING    NaN     NaN   
8       REGULAR_SUBMISSION  PENDING    NaN     NaN   
9      MATCHES_COMPETITION     PASS    NaN     NaN   

                                 competitions alpha_id  
0                                         NaN  Op6gJjg  
1                                         NaN  Op6gJjg  
2                                         NaN  Op6gJjg  
3                                         NaN  Op6gJjg  
4                                         NaN  Op6gJjg  
5                                         NaN  Op6gJjg  
6                                         NaN  Op6gJjg  
7                                         NaN  Op6gJjg  
8                                         NaN  Op6gJjg  
9  [{'id': 'challenge', 'name': 'Challenge'}]  Op6gJjg  , 'train': None, 'test': None}"
35	"{'alpha_id': 'NpK8el7', 'simulate_data': {'type': 'REGULAR', 'settings': {'instrumentType': 'EQUITY', 'region': 'GLB', 'universe': 'MINVOL1M', 'delay': 1, 'decay': 0, 'neutralization': 'MARKET', 'truncation': 0.01, 'pasteurization': 'ON', 'unitHandling': 'VERIFY', 'nanHandling': 'OFF', 'language': 'FASTEXPR', 'visualization': False}, 'regular': 'pro = oth460_1l_rw;stock = ts_zscore(ts_backfill(anl69_pe_best_eeps_nxt_yr, 21),21);factor = group_zscore(ts_ir(returns, 252), industry);alpha = regression_neut(stock, factor);trade_when(pro<=0.5, alpha, pro>0.5)'}, 'is_stats':         pnl  bookSize  longCount  shortCount  turnover  returns  drawdown  \
0  17343682  20000000       1330        1302     0.518   0.1675    0.0487   

     margin  fitness  sharpe   startDate alpha_id  
0  0.000647     1.91    3.36  2012-01-22  NpK8el7  , 'pnl': None, 'stats': None, 'is_tests':                       name   result  limit  value  \
0               LOW_SHARPE     PASS   1.25  3.360   
1              LOW_FITNESS     PASS   1.00  1.910   
2             LOW_TURNOVER     PASS   0.01  0.518   
3            HIGH_TURNOVER     PASS   0.70  0.518   
4      CONCENTRATED_WEIGHT     PASS    NaN    NaN   
5  LOW_SUB_UNIVERSE_SHARPE     PASS   1.18  1.560   
6         SELF_CORRELATION  PENDING    NaN    NaN   
7         PROD_CORRELATION  PENDING    NaN    NaN   
8       REGULAR_SUBMISSION  PENDING    NaN    NaN   
9      MATCHES_COMPETITION     PASS    NaN    NaN   

                                 competitions alpha_id  
0                                         NaN  NpK8el7  
1                                         NaN  NpK8el7  
2                                         NaN  NpK8el7  
3                                         NaN  NpK8el7  
4                                         NaN  NpK8el7  
5                                         NaN  NpK8el7  
6                                         NaN  NpK8el7  
7                                         NaN  NpK8el7  
8                                         NaN  NpK8el7  
9  [{'id': 'challenge', 'name': 'Challenge'}]  NpK8el7  , 'train': None, 'test': None}"
36	"{'alpha_id': '5wGYjKM', 'simulate_data': {'type': 'REGULAR', 'settings': {'instrumentType': 'EQUITY', 'region': 'GLB', 'universe': 'MINVOL1M', 'delay': 1, 'decay': 0, 'neutralization': 'MARKET', 'truncation': 0.01, 'pasteurization': 'ON', 'unitHandling': 'VERIFY', 'nanHandling': 'OFF', 'language': 'FASTEXPR', 'visualization': False}, 'regular': 'pro = oth460_1l_rw;stock = ts_zscore(ts_backfill(anl69_cps_best_eeps_cur_yr, 21),21);factor = group_zscore(ts_ir(returns, 252), industry);alpha = vector_neut(stock, factor);trade_when(pro<=0.5, alpha, pro>0.5)'}, 'is_stats':         pnl  bookSize  longCount  shortCount  turnover  returns  drawdown  \
0  14480419  20000000       1319        1279    0.5061   0.1398    0.0558   

     margin  fitness  sharpe   startDate alpha_id  
0  0.000553     1.49    2.83  2012-01-22  5wGYjKM  , 'pnl': None, 'stats': None, 'is_tests':                       name   result  limit   value  \
0               LOW_SHARPE     PASS   1.25  2.8300   
1              LOW_FITNESS     PASS   1.00  1.4900   
2             LOW_TURNOVER     PASS   0.01  0.5061   
3            HIGH_TURNOVER     PASS   0.70  0.5061   
4      CONCENTRATED_WEIGHT     PASS    NaN     NaN   
5  LOW_SUB_UNIVERSE_SHARPE     PASS   0.99  1.2600   
6         SELF_CORRELATION  PENDING    NaN     NaN   
7         PROD_CORRELATION  PENDING    NaN     NaN   
8       REGULAR_SUBMISSION  PENDING    NaN     NaN   
9      MATCHES_COMPETITION     PASS    NaN     NaN   

                                 competitions alpha_id  
0                                         NaN  5wGYjKM  
1                                         NaN  5wGYjKM  
2                                         NaN  5wGYjKM  
3                                         NaN  5wGYjKM  
4                                         NaN  5wGYjKM  
5                                         NaN  5wGYjKM  
6                                         NaN  5wGYjKM  
7                                         NaN  5wGYjKM  
8                                         NaN  5wGYjKM  
9  [{'id': 'challenge', 'name': 'Challenge'}]  5wGYjKM  , 'train': None, 'test': None}"
37	"{'alpha_id': 'QaW6OQW', 'simulate_data': {'type': 'REGULAR', 'settings': {'instrumentType': 'EQUITY', 'region': 'GLB', 'universe': 'MINVOL1M', 'delay': 1, 'decay': 0, 'neutralization': 'MARKET', 'truncation': 0.01, 'pasteurization': 'ON', 'unitHandling': 'VERIFY', 'nanHandling': 'OFF', 'language': 'FASTEXPR', 'visualization': False}, 'regular': 'pro = oth460_1l_rw;stock = ts_zscore(ts_backfill(anl69_cps_best_eeps_cur_yr, 21),21);factor = group_zscore(ts_ir(returns, 252), industry);alpha = regression_neut(stock, factor);trade_when(pro<=0.5, alpha, pro>0.5)'}, 'is_stats':         pnl  bookSize  longCount  shortCount  turnover  returns  drawdown  \
0  14405995  20000000       1315        1283     0.513   0.1391    0.0471   

     margin  fitness  sharpe   startDate alpha_id  
0  0.000542     1.56    2.99  2012-01-22  QaW6OQW  , 'pnl': None, 'stats': None, 'is_tests':                       name   result  limit  value  \
0               LOW_SHARPE     PASS   1.25  2.990   
1              LOW_FITNESS     PASS   1.00  1.560   
2             LOW_TURNOVER     PASS   0.01  0.513   
3            HIGH_TURNOVER     PASS   0.70  0.513   
4      CONCENTRATED_WEIGHT     PASS    NaN    NaN   
5  LOW_SUB_UNIVERSE_SHARPE     PASS   1.05  1.330   
6         SELF_CORRELATION  PENDING    NaN    NaN   
7         PROD_CORRELATION  PENDING    NaN    NaN   
8       REGULAR_SUBMISSION  PENDING    NaN    NaN   
9      MATCHES_COMPETITION     PASS    NaN    NaN   

                                 competitions alpha_id  
0                                         NaN  QaW6OQW  
1                                         NaN  QaW6OQW  
2                                         NaN  QaW6OQW  
3                                         NaN  QaW6OQW  
4                                         NaN  QaW6OQW  
5                                         NaN  QaW6OQW  
6                                         NaN  QaW6OQW  
7                                         NaN  QaW6OQW  
8                                         NaN  QaW6OQW  
9  [{'id': 'challenge', 'name': 'Challenge'}]  QaW6OQW  , 'train': None, 'test': None}"
38	"{'alpha_id': 'PpPKzKx', 'simulate_data': {'type': 'REGULAR', 'settings': {'instrumentType': 'EQUITY', 'region': 'GLB', 'universe': 'MINVOL1M', 'delay': 1, 'decay': 0, 'neutralization': 'MARKET', 'truncation': 0.01, 'pasteurization': 'ON', 'unitHandling': 'VERIFY', 'nanHandling': 'OFF', 'language': 'FASTEXPR', 'visualization': False}, 'regular': 'pro = oth460_1l_rw;stock = ts_zscore(ts_backfill(anl69_roe_best_eeps_nxt_yr, 21),21);factor = group_zscore(ts_ir(returns, 252), industry);alpha = vector_neut(stock, factor);trade_when(pro<=0.5, alpha, pro>0.5)'}, 'is_stats':         pnl  bookSize  longCount  shortCount  turnover  returns  drawdown  \
0  17396041  20000000       1335        1297    0.5094    0.168    0.0533   

    margin  fitness  sharpe   startDate alpha_id  
0  0.00066     1.81    3.16  2012-01-22  PpPKzKx  , 'pnl': None, 'stats': None, 'is_tests':                       name   result  limit   value  \
0               LOW_SHARPE     PASS   1.25  3.1600   
1              LOW_FITNESS     PASS   1.00  1.8100   
2             LOW_TURNOVER     PASS   0.01  0.5094   
3            HIGH_TURNOVER     PASS   0.70  0.5094   
4      CONCENTRATED_WEIGHT     PASS    NaN     NaN   
5  LOW_SUB_UNIVERSE_SHARPE     PASS   1.11  1.4600   
6         SELF_CORRELATION  PENDING    NaN     NaN   
7         PROD_CORRELATION  PENDING    NaN     NaN   
8       REGULAR_SUBMISSION  PENDING    NaN     NaN   
9      MATCHES_COMPETITION     PASS    NaN     NaN   

                                 competitions alpha_id  
0                                         NaN  PpPKzKx  
1                                         NaN  PpPKzKx  
2                                         NaN  PpPKzKx  
3                                         NaN  PpPKzKx  
4                                         NaN  PpPKzKx  
5                                         NaN  PpPKzKx  
6                                         NaN  PpPKzKx  
7                                         NaN  PpPKzKx  
8                                         NaN  PpPKzKx  
9  [{'id': 'challenge', 'name': 'Challenge'}]  PpPKzKx  , 'train': None, 'test': None}"
39	"{'alpha_id': '8zGXJ2v', 'simulate_data': {'type': 'REGULAR', 'settings': {'instrumentType': 'EQUITY', 'region': 'GLB', 'universe': 'MINVOL1M', 'delay': 1, 'decay': 0, 'neutralization': 'MARKET', 'truncation': 0.01, 'pasteurization': 'ON', 'unitHandling': 'VERIFY', 'nanHandling': 'OFF', 'language': 'FASTEXPR', 'visualization': False}, 'regular': 'pro = oth460_1l_rw;stock = ts_zscore(ts_backfill(anl69_roe_best_eeps_nxt_yr, 21),21);factor = group_zscore(ts_ir(returns, 252), industry);alpha = regression_neut(stock, factor);trade_when(pro<=0.5, alpha, pro>0.5)'}, 'is_stats':         pnl  bookSize  longCount  shortCount  turnover  returns  drawdown  \
0  17443884  20000000       1330        1302     0.518   0.1684    0.0487   

    margin  fitness  sharpe   startDate alpha_id  
0  0.00065     1.93    3.38  2012-01-22  8zGXJ2v  , 'pnl': None, 'stats': None, 'is_tests':                       name   result  limit  value  \
0               LOW_SHARPE     PASS   1.25  3.380   
1              LOW_FITNESS     PASS   1.00  1.930   
2             LOW_TURNOVER     PASS   0.01  0.518   
3            HIGH_TURNOVER     PASS   0.70  0.518   
4      CONCENTRATED_WEIGHT     PASS    NaN    NaN   
5  LOW_SUB_UNIVERSE_SHARPE     PASS   1.18  1.560   
6         SELF_CORRELATION  PENDING    NaN    NaN   
7         PROD_CORRELATION  PENDING    NaN    NaN   
8       REGULAR_SUBMISSION  PENDING    NaN    NaN   
9      MATCHES_COMPETITION     PASS    NaN    NaN   

                                 competitions alpha_id  
0                                         NaN  8zGXJ2v  
1                                         NaN  8zGXJ2v  
2                                         NaN  8zGXJ2v  
3                                         NaN  8zGXJ2v  
4                                         NaN  8zGXJ2v  
5                                         NaN  8zGXJ2v  
6                                         NaN  8zGXJ2v  
7                                         NaN  8zGXJ2v  
8                                         NaN  8zGXJ2v  
9  [{'id': 'challenge', 'name': 'Challenge'}]  8zGXJ2v  , 'train': None, 'test': None}"
